{
  "settings": {
    "baseline_file": "baseline.json",
    "current_file": "current.json",
    "sigma_multiplier": 3
  },
  "statistics": {
    "baseline_unique_ips": 100,
    "current_unique_ips": 49,
    "new_devices_count": 20,
    "missing_devices_count": 71,
    "mean_connections": 10.0,
    "std_connections": 2.9899832775452104,
    "anomaly_threshold": 18.96994983263563
  },
  "new_devices": [
    "17.7.224.248",
    "29.64.243.114",
    "98.251.46.5",
    "18.9.126.123",
    "77.83.48.219",
    "56.130.117.245",
    "23.189.176.209",
    "213.154.151.233",
    "1.183.149.41",
    "63.105.254.39",
    "151.69.197.41",
    "119.154.222.63",
    "172.161.46.6",
    "52.157.121.9",
    "25.70.14.143",
    "128.254.224.59",
    "7.95.113.40",
    "128.153.192.27",
    "206.66.170.145",
    "134.229.117.163"
  ],
  "missing_devices": [
    "211.75.201.123",
    "138.195.97.194",
    "48.12.186.34",
    "3.225.34.201",
    "38.200.193.117",
    "110.213.190.223",
    "187.16.181.12",
    "26.185.0.208",
    "48.106.237.244",
    "117.104.157.136",
    "41.244.206.44",
    "207.226.114.33",
    "164.75.170.119",
    "104.26.63.149",
    "79.69.237.203",
    "100.63.106.224",
    "149.6.59.22",
    "7.58.77.0",
    "199.203.226.32",
    "19.42.20.238",
    "63.132.123.223",
    "147.228.22.154",
    "48.151.255.60",
    "186.174.2.151",
    "52.189.134.14",
    "194.145.242.91",
    "197.93.44.249",
    "52.178.181.49",
    "24.93.53.146",
    "128.133.20.159",
    "21.242.91.111",
    "193.94.204.89",
    "162.203.219.193",
    "108.214.93.168",
    "57.199.121.230",
    "168.217.221.146",
    "53.200.0.244",
    "161.38.5.126",
    "9.124.29.41",
    "222.193.27.252",
    "22.177.136.230",
    "54.200.246.14",
    "50.164.251.133",
    "162.95.211.2",
    "68.181.41.116",
    "220.169.120.116",
    "32.35.170.109",
    "51.25.215.178",
    "21.165.99.140",
    "51.38.94.189",
    "132.152.197.82",
    "124.136.185.228",
    "181.174.112.54",
    "23.153.115.235",
    "96.68.243.79",
    "163.197.232.96",
    "18.104.26.34",
    "55.169.231.34",
    "97.203.58.7",
    "59.2.86.91",
    "52.165.152.162",
    "18.177.156.165",
    "102.111.141.76",
    "187.178.74.0",
    "108.173.218.233",
    "153.105.222.213",
    "145.14.68.166",
    "60.205.197.5",
    "197.107.40.140",
    "201.127.35.40",
    "155.26.148.81"
  ],
  "suspicious_devices": {
    "1.183.149.41": {
      "connection": 22,
      "threshold": 18.96994983263563
    },
    "63.105.254.39": {
      "connection": 23,
      "threshold": 18.96994983263563
    },
    "151.69.197.41": {
      "connection": 21,
      "threshold": 18.96994983263563
    },
    "25.70.14.143": {
      "connection": 23,
      "threshold": 18.96994983263563
    },
    "7.95.113.40": {
      "connection": 20,
      "threshold": 18.96994983263563
    },
    "128.153.192.27": {
      "connection": 19,
      "threshold": 18.96994983263563
    },
    "134.229.117.163": {
      "connection": 20,
      "threshold": 18.96994983263563
    }
  }
}